label,catno,year,artist,title
Innervisions,INNERVISION01,2005,Tokyo Black Star,Psyche Dance EP
Innervisions,INNERVISIONS02,2005,Âme,Rej EP
Innervisions,INNERVISIONS03,2005,Marcus Worgull,Texel EP
Innervisions,INNERVISIONS04,2005,Tokyo Blackstar,Beyond The Future EP
Innervisions,INNERVISIONS05,2006,Henrik Schwarz / Âme / Dixon Feat. Derrick L. Carter,Where We At EP
Innervisions,INNERVISIONS06,2006,Franck Roger,Back And Forth EP
Innervisions,INNERVISIONS07,2006,Atjazz,For Real EP
Innervisions,IV08,2006,Stefan Goldmann,Sleepy Hollow EP
Innervisions,IV09,2006,Château Flight,Baroque EP
Innervisions,IV10,2007,Various,Secret Weapons EP (Part One)
Innervisions,IV11,2007,Âme,Balandine EP
Innervisions,IV12,2007,Tokyo Black Star,Still Sequence EP
Innervisions,IV13,2007,Marcus Worgull Feat. Mr. White,Spellbound EP
Innervisions,IV14,2008,Various,Secret Weapons EP (Part Two)
Innervisions,IV15,2008,Henrik Schwarz & Amampondo,I Exist Because Of You Versions
Innervisions,IV16,2008,Laurent Garnier,Back To My Roots EP
Innervisions,IV17,2008,Henrik Schwarz / Âme / Dixon,D.P.O.M.B. EP
Innervisions,IV18,2008,Lil' Tony / Boola,Basement Tracks EP
Innervisions,IV19,2008,Tokyo Black Star,Bit Commander EP
Innervisions,IV20,2009,Various,Secret Weapons EP (Part Three)
Innervisions,IV21,2009,Culoe De Song,The Bright Forest
Innervisions,IV22,2009,Âme,Setsa / Ensor
Innervisions,IV23,2009,The Machine,Fuse - Âme & Dixon Remixes
Innervisions,IV24,2009,Dixon,Temporary Secretary (Dixon Edits)
Innervisions,IV25,2009,Tokyo Black Star,Caballero EP
Innervisions,IV26,2010,Henrik Schwarz / Âme / Dixon,A Critical Mass Live EP
Innervisions,IV27,2010,Various,Secret Weapons EP (Part Four)
Innervisions,IV28,2010,Âme,Rrose Sélavy EP
Innervisions,IV29,2010,Emmanuel Jal,Kuar EP
Innervisions,IV30,2010,Culoe De Song,Webaba EP
Innervisions,IV31,2010,Tête,Rotor EP
Innervisions,IV32,2011,Lil' Tony,Anton's Groove EP
Innervisions,IV33,2011,Âme & Amampondo,Ku Kanjani EP
Innervisions,IV34,2011,Marcus Worgull,Long Way / Coppa
Innervisions,IV35,2011,Osunlade,Envision Remixes
Innervisions,IV36,2011,Agoria Feat. Scalde,Singing (Dixon Mixes)
Innervisions,IV37,2012,Âme,Live EP
Innervisions,IV38,2012,Matthew Dekay & Lee Burridge,Lost In A Moment EP
Innervisions,IV39,2012,Ry X & Frank Wiedemann,Howling EP
Innervisions,IV40,2012,Ian Pooley,Compurhythm EP
Innervisions,IV41,2012,Marcus Worgull,Muwekma EP
Innervisions,IV42,2013,Various,Secret Weapons EP (Part Five)
Innervisions,IV43,2013,Ten Walls,Gotham EP
Innervisions,IV44,2013,Ry X & Frank Wiedemann,Shortline EP
Innervisions,IV45,2013,Michael Gracioppo,Creep EP
Innervisions,IV46,2013,Agoria,Scala EP
Innervisions,IV47,2013,Âme,Tatischeff EP
Innervisions,IV48,2013,Marcus Worgull & Peter Pardeike,Lenoix EP
Innervisions,IV49,2014,Michael Gracioppo,Creep Remixes EP
Innervisions,IV50.I,2014,Recondite,Psy EP
Innervisions,IV50.II,2014,Frankey & Sandrino,Save EP
Innervisions,IV50.III,2014,David August,Epikur EP
Innervisions,IV50.IV,2014,Orson Wells,Endless EP
Innervisions,IV51,2014,Daniel Bortz & Sascha Sibler,Young World EP
Innervisions,IV52,2014,Various,Secret Weapons EP (Part 6)
Innervisions,IV53,2014,Ian Pooley,Floris EP
Innervisions,IV54,2014,Culoe De Song,Y.O.U.D. EP
Innervisions,IV55,2014,Recondite,Levo EP
Innervisions,IV56,2015,Rancido,The Journey EP
Innervisions,IV57,2015,Various,Secret Weapons EP Part 7
Innervisions,IV58,2015,Marcus Worgull & Peter Pardeike,Trivia EP
Innervisions,IV59,2015,Frankey & Sandrino,Acamar EP
Innervisions,IV60,2015,André Lodemann,Leaving The Comfort Zone EP
Innervisions,IV61,2015,Nuiton,Simple Process EP
Innervisions,IV62,2015,Dele Sosimi Afrobeat Orchestra,Too Much Information (Remixes)
Innervisions,IV63,2016,Frank Wiedemann,Moorthon EP
Innervisions,IV64,2016,Aera,Running Hot EP
Innervisions,IV65,2016,Recondite,Osa EP
Innervisions,IV66,2016,Marc Houle,Silver Siding EP
Innervisions,IV67,2016,Various,Secret Weapons EP Part 8
Innervisions,IV68,2016,Toto Chiavetta,Silence Has Come EP
Innervisions,IV69,2016,Trikk,Florista EP
Innervisions,IV70,2017,Frankey & Sandrino,Wega EP
Innervisions,IV71,2017,Various,Secret Weapons Part 9
Innervisions,IV72,2017,Rampa,Hall Of Violence EP
Innervisions,IV73,2017,Manoo & Raoul K Feat. Ahmed Sosso,Toukan EP
Innervisions,IV74,2017,Toto Chiavetta,Underground Mental Resurrection
Innervisions,IV75,2017,Trikk,Mundo Ritual
Innervisions,IV76,2017,Yotam Avni,Mabruk EP
Innervisions,IV77,2018,Marcus Worgull,Broad Horizons
Innervisions,IV78,2018,Various,Secret Weapons Part 10
Innervisions,IV79,2018,Trikk,Vilara EP
Innervisions,IV80,2018,Toto Chiavetta,Harmony Somewhere EP
Innervisions,IV81,2018,Marcus Worgull,Love Song
Innervisions,IV82,2018,Musumeci & Phunkadelica / Stereocalypse,Romantico Disco EP
Innervisions,IV83,2018,Alex Smoke,Remix EP
Innervisions,IV84,2019,Various,Secret Weapons Part 11
Innervisions,IV85,2019,Eagles & Butterflies,Imitations Of Life EP
Innervisions,IV86,2019,Jimi Jules,Karma Baby EP
Innervisions,IV87,2019,Rampa,They Will EP
Innervisions,IV88,2019,Toto Chiavetta,Sounds Between Colours EP
Innervisions,IV89,2019,Frankey & Sandrino,Mercury EP
Innervisions,IV90.I,2019,Trikk,Facas EP
Innervisions,IV90.II,2019,Jimi Jules,Fool EP
Innervisions,IV90.III,2019,Denis Horvat,Vokabularium EP
Innervisions,IV91,2020,Various,Secret Weapons Part 12
Innervisions,IV92,2020,Henrik Schwarz,Together EP
Innervisions,IV93,2020,Aera,Prana EP
Innervisions,IV94,2020,Echonomist,Virtuality EP
Innervisions,IV95,2020,Mike Steva,The Sound Of The Sun
Innervisions,IV96,2020,Nandu,Forever In Our Favor EP
Innervisions,IV97,2021,Echonomist,Night Versions EP
Innervisions,IV98,2021,Jimi Jules,Ham The Monkey EP
Innervisions,IV100,2021,Âme,The Witness EP
Innervisions,IV101,2021,Various,Secret Weapons Part 13
Innervisions,IV102,2022,Various,Secret Weapons Part 14
Innervisions,IV103,2023,Various,Secret Weapons Part 15
Innervisions,IV104,2023,Skatman,Rewarped
Innervisions,IV105,2023,Nandu Feat. Ida Corr,Tell Me
Innervisions,IV106,2023,Tal Fussman,Children Of 95
Innervisions,IV107,2023,Ede,Poptroit
Innervisions,IV108,2023,Various,Secret Weapons Part 16
Innervisions,IV109,2026,Various,Secret Weapons Part 17
Innervisions,IV110,2024,Frankey & Sandrino,Memories EP
Innervisions,IV111,2024,Âme,Asa EP
Innervisions,IV112,2024,Thimble,The Verb EP
Innervisions,IV113,2024,Yet More,Back 2 Feelin' EP
Innervisions,IV114,2024,Mulya,Silvio EP
Innervisions,IV115,2024,"Shiffer, Paul Brenning",We Care EP
Innervisions,IV116,2025,Ede,Odyssey EP
Innervisions,IVLP08,2014,Recondite,Iffy
Innervisions,IVLP09,2018,Âme,Dream House
Innervisions,IVLP10,2022,Jimi Jules,+
Innervisions,IVLP11,2022,Ivory,Feelin'
Innervisions,IVLP12,2023,Trikk,Fauna & Flora
Innervisions,IVLP13,2023,Echonomist,Secret Places
Innervisions,IVLP14,2025,Trikk,Harmonia
Innervisions,COUNTERVISIONS1,2017,Howling,Phases II
Innervisions,GU2005V3-special,2012,Romanthony,The Wanderer (Dixon Edit)
Innervisions,INNERVISIONSCD02,2008,Various,Muting The Noise 01
Innervisions,INNERVISIONSCD03,2009,Tokyo Black Star,Black Ships
Innervisions,IVCD04,2009,Dixon,Temporary Secretary
Innervisions,IVCD05,2010,Various,Individual Mythologies
Innervisions,IVCD06,2011,Âme,Primary Structures
Innervisions,IVCD07,2012,Âme,Live
Innervisions,IVDANCE,2020,Toto Chiavetta,Setting Of A Ceremony
Innervisions,IVMIX01D,2022,Aera,Versions
Innervisions,GROOVE118,2009,Various,Groove 118 / CD 27
Innervisions,GROOVE140,2012,Various,Groove 140 / CD 49
Innervisions,GROOVE144,2013,Various,Groove 144 / CD 53
Innervisions,GROOVE147,2014,Various,Groove 147 / CD 56
Innervisions,GROOVE158,2015,Various,Groove 158 / CD 67
Innervisions,GROOVE172,2018,Various,Groove 172 / CD 81
Innervisions,DFN80059,2010,Simian Mobile Disco,Is Fixed
Innervisions,MIXMAG0112,2011,Pete Tong,Tracks Of The Year 2011
Innervisions,KONTOR1065242,2015,Various,Kontor Sunset Chill 2015
Innervisions,YT095,2013,The XX,Innervisions Remixes
Innervisions,SK120CD,2006,Various,Innervisions - Where We At
